Time (s),CPU Utilization (%)
0.10,1.50
1.10,1.50
2.10,1.50
3.10,1.50
4.10,1.50
5.10,1.50
6.10,1.50
7.10,1.50
8.10,1.50
9.10,1.50
10.10,1.50
11.10,1.50
12.10,1.50
13.10,1.50
14.10,1.50
15.10,1.50
16.10,1.50
17.10,1.50
18.10,1.50
19.10,1.50
20.10,1.50
21.10,1.50
22.10,1.50
23.10,1.50
24.10,1.50
25.10,1.50
26.10,1.50
27.10,1.50
28.10,1.50
29.10,1.50
30.10,1.50
31.10,1.50
32.10,1.50
33.10,1.50
34.10,1.50
35.10,1.50
36.10,1.50
37.10,1.50
38.10,1.50
39.10,1.50
40.10,1.50
41.10,1.50
42.10,1.50
43.10,1.50
44.10,1.50
45.10,1.50
46.10,1.50
47.10,1.50
48.10,1.50
49.10,1.50
50.10,1.50
51.10,1.50
52.10,1.50
53.10,1.50
54.10,1.50
55.10,1.50
56.10,1.50
57.10,1.50
58.10,1.50
59.10,1.50
60.10,1.50
61.10,1.50
62.10,1.50
63.10,1.50
64.10,1.50
65.10,1.50
66.10,1.50
67.10,1.50
68.10,1.50
69.10,1.50
70.10,1.50
71.10,1.50
72.10,1.50
73.10,1.50
74.10,1.50
75.10,1.50
76.10,1.50
77.10,1.50
78.10,1.50
79.10,1.50
80.10,1.50
81.10,1.50
82.10,1.50
83.10,1.50
84.10,1.50
85.10,1.50
86.10,1.50
87.10,1.50
88.10,1.50
89.10,1.50
90.10,1.50
91.10,1.50
92.10,1.50
93.10,1.50
94.10,1.50
95.10,1.50
96.10,1.50
97.10,1.50
98.10,1.50
99.10,1.50
100.10,1.50
101.10,1.50
102.10,1.50
103.10,1.50
104.10,1.50
105.10,1.50
106.10,1.50
107.10,1.50
108.10,1.50
109.10,1.50
110.10,1.50
111.10,1.50
112.10,1.50
113.10,1.50
114.10,1.50
115.10,1.50
116.10,1.50
117.10,1.50
118.10,1.50
119.05,1.50
119.16,1.50
119.27,1.50
119.38,1.50
120.38,1.50
121.38,1.50
122.38,1.50
123.38,1.50
124.38,1.50
125.38,1.50
126.38,1.50
127.38,1.50
128.38,1.50
129.38,1.50
130.38,1.50
131.38,1.50
132.38,1.50
133.38,1.50
134.38,1.50
135.38,1.50
136.38,1.50
137.38,1.50
138.38,1.50
139.38,1.50
140.38,1.50
140.68,1.50
141.05,1.50
141.16,1.50
141.27,1.50
141.38,1.50
142.38,1.50
143.38,1.50
144.38,1.50
145.38,1.50
146.38,1.50
147.38,1.50
148.38,1.50
149.38,1.50
150.38,1.50
151.38,1.50
152.38,1.50
153.38,1.50
154.38,1.50
155.38,1.50
156.38,1.50
157.38,1.50
158.38,1.50
159.38,1.50
160.38,1.50
161.38,1.50
161.64,1.50
162.02,1.50
162.13,1.50
162.24,1.50
162.35,1.50
162.46,1.50
163.46,1.50
164.46,1.50
165.46,1.50
166.46,1.50
167.46,1.50
168.46,1.50
169.46,1.50
170.46,1.50
171.46,1.50
172.46,1.50
173.46,1.50
174.46,1.50
175.46,1.50
176.46,1.50
177.46,1.50
178.46,1.50
179.46,1.50
180.46,1.50
181.46,1.50
182.46,1.50
183.46,1.50
184.46,1.50
185.46,1.50
186.46,1.50
187.46,1.50
188.46,1.50
189.46,1.50
190.46,1.50
191.46,1.50
192.46,1.50
193.46,1.50
194.46,1.50
195.46,1.50
196.46,1.50
197.46,1.50
198.46,1.50
199.46,1.50
200.46,1.50
201.46,1.50
202.46,1.50
203.46,1.50
204.46,1.50
205.46,1.50
206.46,1.50
207.46,1.50
208.46,1.50
209.46,1.50
210.46,1.50
211.46,1.50
212.46,1.50
213.46,1.50
214.46,1.50
215.46,1.50
216.46,1.50
217.46,1.50
218.46,1.50
219.46,1.50
220.46,1.50
221.46,1.50
222.46,1.50
223.46,1.50
224.46,1.50
225.46,1.50
226.46,1.50
227.46,1.50
228.46,1.50
229.46,1.50
230.46,1.50
231.46,1.50
232.46,1.50
233.46,1.50
234.46,1.50
235.46,1.50
236.46,1.50
237.46,1.50
238.46,1.50
239.46,1.50
240.46,1.50
241.46,1.50
242.46,1.50
243.46,1.50
244.46,1.50
245.46,1.50
246.46,1.50
247.46,1.50
248.46,1.50
249.46,1.50
250.46,1.50
251.46,1.50
252.46,1.50
253.46,1.50
254.46,1.50
255.46,1.50
256.46,1.50
257.46,1.50
258.46,1.50
259.46,1.50
260.46,1.50
261.46,1.50
262.46,1.50
263.46,1.50
264.46,1.50
265.46,1.50
266.46,1.50
267.46,1.50
268.46,1.50
269.46,1.50
270.46,1.50
271.46,1.50
272.46,1.50
273.46,1.50
274.46,1.50
275.46,1.50
276.46,1.50
277.46,1.50
278.46,1.50
279.46,1.50
280.46,1.50
281.46,1.50
282.46,1.50
283.46,1.50
284.46,1.50
285.46,1.50
286.46,1.50
287.46,1.50
288.46,1.50
289.46,1.50
290.46,1.50
291.46,1.50
292.46,1.50
293.46,1.50
294.46,1.50
295.46,1.50
296.46,1.50
297.46,1.50
298.46,1.50
299.46,1.50
300.46,1.50
301.46,1.50
302.46,1.50
303.46,1.50
304.46,1.50
305.46,1.50
306.46,1.50
307.46,1.50
308.46,1.50
309.46,1.50
310.46,1.50
311.46,1.50
312.46,1.50
313.46,1.50
314.46,1.50
315.46,1.50
316.46,1.50
317.46,1.50
318.46,1.50
319.46,1.50
320.46,1.50
321.46,1.50
322.46,1.50
323.46,1.50
324.46,1.50
325.46,1.50
326.46,1.50
327.46,1.50
328.46,1.50
329.46,1.50
330.46,1.50
331.46,1.50
332.46,1.50
333.46,1.50
334.46,1.50
335.46,1.50
336.46,1.50
337.46,1.50
338.46,1.50
339.46,1.50
340.46,1.50
341.46,1.50
342.46,1.50
343.46,1.50
344.46,1.50
345.46,1.50
346.46,1.50
347.46,1.50
348.46,1.50
349.46,1.50
350.46,1.50
351.46,1.50
352.46,1.50
353.46,1.50
354.46,1.50
355.46,1.50
356.46,1.50
357.46,1.50
358.46,1.50
359.46,1.50
360.46,1.50
361.46,1.50
362.46,1.50
363.46,1.50
364.46,1.50
365.46,1.50
366.46,1.50
367.46,1.50
368.46,1.50
369.46,1.50
370.46,1.50
371.46,1.50
372.46,1.50
373.46,1.50
374.46,1.50
375.46,1.50
376.46,1.50
377.46,1.50
378.46,1.50
379.46,1.50
380.46,1.50
381.46,1.50
382.46,1.50
383.46,1.50
384.46,1.50
385.46,1.50
386.46,1.50
387.46,1.50
388.46,1.50
389.46,1.50
390.46,1.50
391.46,1.50
392.46,1.50
393.46,1.50
394.46,1.50
395.46,1.50
396.46,1.50
397.46,1.50
398.46,1.50
399.46,1.50
400.46,1.50
401.46,1.50
402.46,1.50
403.46,1.50
404.46,1.50
405.46,1.50
406.46,1.50
407.46,1.50
408.46,1.50
409.46,1.50
410.46,1.50
411.46,1.50
412.46,1.50
413.46,1.50
414.46,1.50
415.46,1.50
416.46,1.50
417.46,1.50
418.46,1.50
419.46,1.50
420.46,1.50
421.46,1.50
422.46,1.50
423.46,1.50
424.46,1.50
425.46,1.50
426.46,1.50
427.46,1.50
428.46,1.50
429.46,1.50
430.46,1.50
431.46,1.50
432.46,1.50
433.46,1.50
434.46,1.50
435.46,1.50
436.46,1.50
437.46,1.50
438.46,1.50
439.46,1.50
440.46,1.50
441.46,1.50
442.46,1.50
443.46,1.50
444.46,1.50
445.46,1.50
446.46,1.50
447.46,1.50
448.46,1.50
449.46,1.50
450.46,1.50
451.46,1.50
452.46,1.50
453.46,1.50
454.46,1.50
455.46,1.50
456.46,1.50
457.46,1.50
458.46,1.50
459.46,1.50
460.46,1.50
461.46,1.50
462.46,1.50
463.46,1.50
464.46,1.50
465.46,1.50
466.46,1.50
467.46,1.50
468.46,1.50
469.46,1.50
470.46,1.50
471.46,1.50
472.46,1.50
473.46,1.50
474.46,1.50
475.46,1.50
476.46,1.50
477.46,1.50
478.46,1.50
479.46,1.50
480.46,1.50
481.46,1.50
482.46,1.50
483.46,1.50
484.46,1.50
485.46,1.50
486.46,1.50
487.46,1.50
488.46,1.50
489.46,1.50
490.46,1.50
491.46,1.50
492.46,1.50
493.46,1.50
494.46,1.50
495.46,1.50
496.46,1.50
497.46,1.50
498.46,1.50
499.46,1.50
500.46,1.50
501.46,1.50
502.46,1.50
503.46,1.50
504.46,1.50
505.46,1.50
506.46,1.50
507.46,1.50
508.46,1.50
509.46,1.50
510.46,1.50
511.46,1.50
512.46,1.50
513.46,1.50
514.46,1.50
515.46,1.50
516.46,1.50
517.46,1.50
518.46,1.50
519.46,1.50
520.46,1.50
521.46,1.50
522.46,1.50
523.46,1.50
524.46,1.50
525.46,1.50
526.46,1.50
527.46,1.50
528.46,1.50
529.46,1.50
530.46,1.50
531.46,1.50
532.46,1.50
533.46,1.50
534.46,1.50
535.46,1.50
536.46,1.50
537.46,1.50
538.46,1.50
539.46,1.50
540.46,1.50
541.46,1.50
542.46,1.50
543.46,1.50
544.46,1.50
545.46,1.50
546.46,1.50
547.46,1.50
548.46,1.50
549.46,1.50
550.46,1.50
551.46,1.50
552.46,1.50
553.46,1.50
554.46,1.50
555.46,1.50
556.46,1.50
557.46,1.50
558.46,1.50
559.46,1.50
560.46,1.50
561.46,1.50
562.46,1.50
563.46,1.50
564.46,1.50
565.46,1.50
566.46,1.50
567.46,1.50
568.46,1.50
569.46,1.50
570.46,1.50
571.46,1.50
572.46,1.50
573.46,1.50
574.46,1.50
575.46,1.50
576.46,1.50
577.46,1.50
578.46,1.50
579.46,1.50
580.46,1.50
581.46,1.50
582.46,1.50
583.46,1.50
584.46,1.50
585.46,1.50
586.46,1.50
587.46,1.50
588.46,1.50
589.46,1.50
590.46,1.50
591.46,1.50
592.46,1.50
593.46,1.50
594.46,1.50
595.46,1.50
596.46,1.50
597.46,1.50
598.46,1.50
599.46,1.50
600.46,1.50
601.46,1.50
602.46,1.50
603.46,1.50
604.46,1.50
605.46,1.50
606.46,1.50
607.46,1.50
608.46,1.50
609.46,1.50
610.46,1.50
611.46,1.50
612.46,1.50
613.46,1.50
614.46,1.50
615.46,1.50
616.46,1.50
617.46,1.50
618.46,1.50
619.46,1.50
620.46,1.50
621.46,1.50
622.46,1.50
623.46,1.50
624.46,1.50
625.46,1.50
626.46,1.50
627.46,1.50
628.46,1.50
629.46,1.50
630.46,1.50
631.46,1.50
632.46,1.50
633.46,1.50
634.46,1.50
635.46,1.50
636.46,1.50
637.46,1.50
638.46,1.50
639.46,1.50
640.46,1.50
641.46,1.50
642.46,1.50
643.46,1.50
644.46,1.50
645.46,1.50
646.46,1.50
647.46,1.50
648.46,1.50
649.46,1.50
650.46,1.50
651.46,1.50
652.46,1.50
653.46,1.50
654.46,1.50
655.46,1.50
656.46,1.50
657.46,1.50
658.46,1.50
659.46,1.50
660.46,1.50
661.46,1.50
662.46,1.50
663.46,1.50
664.46,1.50
665.46,1.50
666.46,1.50
667.46,1.50
668.46,1.50
669.46,1.50
670.46,1.50
671.46,1.50
672.46,1.50
673.46,1.50
674.46,1.50
675.46,1.50
676.46,1.50
677.46,1.50
678.46,1.50
679.46,1.50
680.46,1.50
681.46,1.50
682.46,1.50
683.46,1.50
684.46,1.50
685.46,1.50
686.46,1.50
687.46,1.50
688.46,1.50
689.46,1.50
690.46,1.50
691.46,1.50
692.46,1.50
693.46,1.50
694.46,1.50
695.46,1.50
696.46,1.50
697.46,1.50
698.46,1.50
699.46,1.50
700.46,1.50
701.46,1.50
702.46,1.50
703.46,1.50
704.46,1.50
705.46,1.50
706.46,1.50
707.46,1.50
708.46,1.50
709.46,1.50
710.46,1.50
711.46,1.50
712.46,1.50
713.46,1.50
714.46,1.50
715.46,1.50
716.46,1.50
717.46,1.50
718.46,1.50
719.46,1.50
720.46,1.50
721.46,1.50
722.46,1.50
723.46,1.50
724.46,1.50
725.46,1.50
726.46,1.50
727.46,1.50
728.46,1.50
729.46,1.50
730.46,1.50
731.46,1.50
732.46,1.50
733.46,1.50
734.46,1.50
735.46,1.50
736.46,1.50
737.46,1.50
738.46,1.50
739.46,1.50
740.46,1.50
741.46,1.50
742.46,1.50
743.46,1.50
744.46,1.50
745.46,1.50
746.46,1.50
747.46,1.50
748.46,1.50
749.46,1.50
750.46,1.50
751.46,1.50
752.46,1.50
753.46,1.50
754.46,1.50
755.46,1.50
756.46,1.50
757.46,1.50
758.46,1.50
759.46,1.50
760.46,1.50
761.46,1.50
762.46,1.50
763.46,1.50
764.46,1.50
765.46,1.50
766.46,1.50
767.46,1.50
768.46,1.50
769.46,1.50
770.46,1.50
771.46,1.50
772.46,1.50
773.46,1.50
774.46,1.50
775.46,1.50
776.46,1.50
777.46,1.50
778.46,1.50
779.46,1.50
780.46,1.50
781.46,1.50
782.46,1.50
783.46,1.50
784.46,1.50
785.46,1.50
786.46,1.50
787.46,1.50
788.46,1.50
789.46,1.50
790.46,1.50
791.46,1.50
792.46,1.50
793.46,1.50
794.46,1.50
795.46,1.50
796.46,1.50
797.46,1.50
798.46,1.50
799.46,1.50
800.46,1.50
801.46,1.50
802.46,1.50
803.46,1.50
804.46,1.50
805.46,1.50
806.46,1.50
807.46,1.50
808.46,1.50
809.46,1.50
810.46,1.50
811.46,1.50
812.46,1.50
813.46,1.50
814.46,1.50
815.46,1.50
816.46,1.50
817.46,1.50
818.46,1.50
819.46,1.50
820.46,1.50
821.46,1.50
822.46,1.50
823.46,1.50
824.46,1.50
825.46,1.50
826.46,1.50
827.46,1.50
828.46,1.50
829.46,1.50
830.46,1.50
831.46,1.50
832.46,1.50
833.46,1.50
834.46,1.50
835.46,1.50
836.46,1.50
837.46,1.50
838.46,1.50
839.46,1.50
840.46,1.50
841.46,1.50
842.46,1.50
843.46,1.50
844.46,1.50
845.46,1.50
846.46,1.50
847.46,1.50
848.46,1.50
849.46,1.50
850.46,1.50
851.46,1.50
852.46,1.50
853.46,1.50
854.46,1.50
855.46,1.50
856.46,1.50
857.46,1.50
858.46,1.50
859.46,1.50
860.46,1.50
861.46,1.50
862.46,1.50
863.46,1.50
864.46,1.50
865.46,1.50
866.46,1.50
867.46,1.50
868.46,1.50
869.46,1.50
870.46,1.50
871.46,1.50
872.46,1.50
873.46,1.50
874.46,1.50
875.46,1.50
876.46,1.50
877.46,1.50
878.46,1.50
879.46,1.50
880.46,1.50
881.46,1.50
882.46,1.50
883.46,1.50
884.46,1.50
885.46,1.50
886.46,1.50
887.46,1.50
888.46,1.50
889.46,1.50
890.46,1.50
891.46,1.50
892.46,1.50
893.46,1.50
894.46,1.50
895.46,1.50
896.46,1.50
897.46,1.50
898.46,1.50
899.46,1.50
900.46,1.50
901.46,1.50
902.46,1.50
903.46,1.50
904.46,1.50
905.46,1.50
906.46,1.50
907.46,1.50
908.46,1.50
909.46,1.50
910.46,1.50
911.46,1.50
912.46,1.50
913.46,1.50
914.46,1.50
915.46,1.50
916.46,1.50
917.46,1.50
918.46,1.50
919.46,1.50
920.46,1.50
921.46,1.50
922.46,1.50
923.46,1.50
924.46,1.50
925.46,1.50
926.46,1.50
927.46,1.50
928.46,1.50
929.46,1.50
930.46,1.50
931.46,1.50
932.46,1.50
933.46,1.50
934.46,1.50
935.46,1.50
936.46,1.50
937.46,1.50
938.46,1.50
939.46,1.50
940.46,1.50
941.46,1.50
942.46,1.50
943.46,1.50
944.46,1.50
945.46,1.50
946.46,1.50
947.46,1.50
948.46,1.50
949.46,1.50
950.46,1.50
951.46,1.50
952.46,1.50
953.46,1.50
954.46,1.50
955.46,1.50
956.46,1.50
957.46,1.50
958.46,1.50
959.46,1.50
960.46,1.50
961.46,1.50
962.46,1.50
963.46,1.50
964.46,1.50
965.46,1.50
966.46,1.50
967.46,1.50
968.46,1.50
969.46,1.50
970.46,1.50
971.46,1.50
972.46,1.50
973.46,1.50
974.46,1.50
975.46,1.50
976.46,1.50
977.46,1.50
978.46,1.50
979.46,1.50
980.46,1.50
981.46,1.50
982.46,1.50
983.46,1.50
984.46,1.50
985.46,1.50
986.46,1.50
987.46,1.50
988.46,1.50
989.46,1.50
990.46,1.50
991.46,1.50
992.46,1.50
993.46,1.50
994.46,1.50
995.46,1.50
996.46,1.50
997.46,1.50
998.46,1.50
999.46,1.50
1000.46,1.50
1001.46,1.50
1002.46,1.50
1003.46,1.50
1004.46,1.50
1005.46,1.50
1006.46,1.50
1007.46,1.50
1008.46,1.50
1009.46,1.50
1010.46,1.50
1011.46,1.50
1012.46,1.50
1013.46,1.50
1014.46,1.50
1015.46,1.50
1016.46,1.50
1017.46,1.50
1018.46,1.50
1019.46,1.50
1020.46,1.50
1021.46,1.50
1022.46,1.50
1023.46,1.50
1024.46,1.50
1025.46,1.50
1026.46,1.50
1027.46,1.50
1028.46,1.50
1029.46,0.75
1030.46,0.75
1031.46,0.75
1032.46,0.75
1033.46,0.75
1034.46,0.75
1035.46,0.75
1036.46,0.75
1037.46,0.75
1038.46,0.75
1039.46,0.75
1040.46,0.75
1041.46,0.75
1042.46,0.75
1043.46,0.00
